nilai_rating,nilai_prediksi,nilai_MAE
,,4.84060726600417
0.0,6.093959956768806,
0.0,6.2479625457141,
0.0,4.42363156377991,
0.0,0.2654006730675859,
0.0,1.3830611631421945,
0.0,3.925502234126663,
0.0,3.2456475951591885,
0.0,3.3458746955479675,
0.0,2.8075572668771867,
0.0,2.460471525885093,
0.0,2.7768282631850956,
0.0,8.542703540377152,
0.0,6.953658043362121,
0.0,3.645995161952927,
0.0,6.953661273352875,
0.0,7.603287775291161,
0.0,4.405372511071611,
0.0,3.8170311674586217,
0.0,3.90970321995335,
0.0,4.003938939661458,
0.0,4.0878833473898695,
0.0,1.4442172741480936,
0.0,7.599619387146385,
0.0,7.823054313281118,
0.0,4.588195597938241,
0.0,4.771489678505231,
9.0,3.546363001529044,
0.0,5.085177727277176,
0.0,4.383800852316658,
0.0,5.734444115670109,
0.0,-2.3132314286785336,
0.0,8.85483870967742,
0.0,3.553225806451614,
0.0,6.403393537765564,
0.0,5.451948365853709,
0.0,5.653225806451611,
0.0,3.554290928926941,
0.0,0.0,
0.0,0.0,
0.0,0.0,
0.0,-0.01612903224417657,
0.0,0.0,
0.0,0.0,
0.0,0.0,
0.0,0.0,
0.0,0.0,
0.0,10.451612903225808,
0.0,0.0,
0.0,5.451612903225806,
0.0,0.0,
0.0,1.9032258064516132,
0.0,3.076211394609938,
0.0,4.54990936204009,
0.0,8.451612903225808,
0.0,6.03700718109838,
0.0,1.7393174559029263,
0.0,5.058459163952324,
0.0,3.202967756473914,
0.0,6.179783985020198,
0.0,-0.9627759666156368,
0.0,7.679393917168623,
0.0,-3.338760736208275,
10.0,9.375482921952216,
10.0,11.358655343684564,
9.0,8.558655343684563,
10.0,4.7683327630394015,
0.0,4.906272113908802,
7.0,5.611042417371728,
10.0,5.2683327630394015,
10.0,4.768338907251755,
10.0,4.76833359456812,
10.0,4.967578492079627,
0.0,5.7683327630394015,
10.0,15.818119831407266,
0.0,11.768332763797657,
10.0,4.76833359456812,
0.0,11.768338907251755,
10.0,12.268668225667303,
10.0,5.7683327630394015,
8.0,5.929530260251736,
10.0,4.768333068941722,
10.0,6.618958760067372,
10.0,9.073423583518533,
10.0,7.811062153772237,
10.0,9.791159505365183,
10.0,12.52175246418973,
10.0,8.957215560639948,
0.0,9.867970496415968,
10.0,6.671176279488964,
10.0,9.327789176502975,
0.0,10.567640553586198,
10.0,8.256707940799174,
0.0,1.8650558977988685,
0.0,9.384900599058648,
0.0,7.170013345008698,
0.0,4.4486802767843825,
0.0,-0.9761093507371335,
0.0,14.334557740043216,
0.0,5.313760562213382,
0.0,5.868550115675018,
0.0,4.868550115675111,
0.0,4.86855011567502,
0.0,1.4803518845945725,
0.0,4.046105598580814,
0.0,7.368550115675018,
0.0,0.0,
0.0,5.368550115675018,
0.0,0.0,
0.0,9.368550115777637,
0.0,6.868550115675017,
0.0,11.711909457941315,
0.0,5.72768894036744,
0.0,4.31520738310706,
0.0,8.039513893394634,
7.0,8.793140008926903,
0.0,6.29381037594203,
10.0,4.837905108573409,
10.0,-23.173950191382563,
10.0,3.8155566503541047,
10.0,6.12740596555723,
0.0,5.654168216490413,
0.0,12.047428399874354,
0.0,7.533373651302636,
0.0,-1.6993964298526916,
10.0,6.470439893593207,
7.0,5.098571372697198,
7.0,8.584194456083825,
0.0,5.537503776532942,
0.0,8.442245782109332,
0.0,5.381333369897636,
0.0,5.14341163228089,
0.0,5.112227072746848,
0.0,4.6033223630544855,
0.0,5.918448287915758,
0.0,4.353242686913401,
0.0,8.942547631948553,
0.0,8.060198378313158,
0.0,5.494566937573082,
0.0,8.060200887189048,
0.0,10.107925027569934,
0.0,6.365707539484756,
0.0,6.574532017226963,
0.0,5.958583567739964,
5.0,5.525094563667159,
9.0,5.752342703135339,
0.0,4.719275946277909,
0.0,8.070770237478051,
0.0,6.708499983373422,
0.0,6.804605254287799,
0.0,6.783951694131767,
0.0,6.1849554844008345,
9.0,7.579262316018582,
7.0,7.167046300033294,
0.0,6.540062627301619,
0.0,-2.0548897684663396,
10.0,12.893516986769189,
10.0,13.451509821488385,
10.0,11.706720773163097,
10.0,8.876114748505746,
10.0,10.191312242322073,
10.0,11.026114459965786,
10.0,10.621550986978036,
10.0,10.503892364192017,
10.0,10.061853783774538,
10.0,10.175148597119982,
10.0,9.288187077796021,
10.0,14.85744075948659,
10.0,13.756266956851086,
10.0,10.86087043336853,
10.0,13.756269975526083,
10.0,14.678026146369131,
10.0,11.773817656936876,
10.0,11.007892427875662,
10.0,11.350854737496437,
10.0,11.771777055013839,
10.0,11.640456895429029,
10.0,10.860640923230095,
10.0,14.462700054656072,
10.0,13.334520607933447,
10.0,11.476873554733839,
10.0,14.19087026485094,
10.0,11.37004344021665,
10.0,11.51176404687796,
10.0,11.344964033442974,
10.0,10.767281255932826,
0.0,4.260119742657763,
0.0,10.62215587298243,
0.0,5.321202282289977,
0.0,8.16993812248893,
0.0,7.21926552915872,
0.0,7.442066834881956,
0.0,9.96407878919168,
0.0,0.0,
0.0,0.0,
0.0,0.0,
0.0,1.7511881310608353,
0.0,6.512478453627592,
10.0,0.0,
10.0,0.0,
0.0,0.0,
10.0,0.0,
10.0,12.218930066530818,
0.0,0.0,
0.0,7.218930066530818,
0.0,6.5124787595299125,
0.0,4.370447662196548,
0.0,5.389834930749511,
0.0,8.851727518401919,
0.0,-2.1096551383921476,
10.0,4.228105561229674,
10.0,15.109104870896948,
0.0,-2.6705585649382,
0.0,-17.951448055853366,
0.0,8.015446343870687,
0.0,4.040912669440144,
0.0,-6.438199543899859,
0.0,-1.5714435729032632,
0.0,6.9988055547689925,
0.0,8.757304534237282,
0.0,6.6521207774188795,
0.0,2.067964677031318,
0.0,9.149656838748184,
0.0,3.1808309734276694,
0.0,5.3382953570574,
0.0,4.349206117510529,
0.0,4.349206001581027,
0.0,6.662794732478638,
0.0,-0.5198665000204468,
0.0,7.035773048075588,
0.0,6.90322580721032,
0.0,4.8382953752023985,
0.0,6.903231950664417,
0.0,8.914677062022966,
0.0,6.327384730678774,
0.0,5.7569857990108995,
0.0,5.816474110975317,
0.0,9.144897704484498,
8.0,7.678849911683123,
0.0,4.373607385236979,
0.0,6.9783517360231215,
0.0,5.845545972906723,
0.0,5.38086537999445,
8.0,4.476097658905679,
0.0,5.380120913756557,
0.0,7.739620077072716,
0.0,13.960667563702646,
0.0,7.331225666343138,
0.0,-2.3528912749070283,
0.0,7.780488856738938,
0.0,9.821533972835494,
10.0,8.651835845048316,
10.0,5.148249136227415,
10.0,7.858005394449135,
10.0,6.023563581561172,
0.0,6.659428109218719,
0.0,6.554526685901435,
0.0,6.122188559088579,
0.0,7.24899297627275,
0.0,5.767452421833967,
0.0,11.41664096539034,
0.0,10.066913389959366,
0.0,6.882522811851573,
0.0,10.06691672549057,
10.0,10.92855475880196,
0.0,7.776232896383787,
10.0,7.82518825720874,
0.0,7.410723771830543,
0.0,8.42697706600805,
0.0,7.439228804760964,
0.0,6.498333760270568,
10.0,9.845370637926925,
10.0,8.957157753579601,
0.0,8.231644467020056,
10.0,9.943035890704687,
0.0,8.532647645636743,
10.0,7.670439177795677,
10.0,8.486527955950821,
10.0,9.096280837853733,
0.0,0.806174468820064,
0.0,8.85483870967742,
0.0,3.553225806451614,
0.0,6.403393537765564,
0.0,-2.234844560382108,
0.0,5.653225806451612,
0.0,5.14400432807955,
0.0,0.0,
0.0,0.0,
0.0,0.0,
0.0,-0.01612903224417657,
0.0,0.0,
0.0,0.0,
0.0,0.0,
0.0,0.0,
0.0,0.0,
0.0,10.451612903225808,
0.0,0.0,
0.0,5.451612903225806,
0.0,0.0,
0.0,1.9032258064516132,
0.0,3.0762113946099374,
0.0,6.0,
0.0,8.451612903225808,
0.0,7.451612903225806,
0.0,0.6372086340955438,
0.0,5.137324744682686,
0.0,0.9999999999999999,
0.0,5.459696030577341,
0.0,9.56704873399297,
0.0,13.803634640306969,
0.0,-2.532586267388211,
0.0,7.476106454912823,
0.0,4.307378105003527,
0.0,8.004250051210933,
0.0,4.726408544568798,
0.0,8.569822905384921,
0.0,7.509080685838245,
0.0,5.757794153611453,
0.0,6.157895174330162,
0.0,5.3207780821615165,
0.0,7.097298934382568,
0.0,4.847468522334741,
0.0,7.536702694442943,
0.0,7.674193549145353,
0.0,6.657895640481852,
0.0,7.674193548387098,
0.0,9.777420262125402,
0.0,7.3170008145652385,
0.0,6.480699283057586,
0.0,6.324451219746655,
0.0,5.342369232490036,
0.0,4.700349621355314,
0.0,5.113497275282035,
0.0,8.105035939463681,
0.0,6.013877331061288,
9.0,6.391977281157709,
9.0,7.492455035083531,
0.0,6.982193221124996,
0.0,7.371946322987957,
9.0,5.344492836386458,
0.0,5.47817275312345,
0.0,-2.0621370876595426,
0.0,9.82804021433665,
0.0,7.82271801595428,
0.0,8.256763622451553,
0.0,7.3295205163333765,
10.0,7.9912314468191195,
10.0,8.702274422398219,
0.0,7.557128519201315,
0.0,7.708841052732138,
0.0,7.020234850167835,
0.0,7.2288011091948725,
10.0,5.821203250047514,
0.0,9.286556580056184,
0.0,9.455166913307757,
0.0,8.208841436184985,
0.0,9.455166912549503,
0.0,11.00289302388326,
0.0,9.017127698348961,
0.0,8.194834256430664,
10.0,8.331090525464656,
10.0,7.7607559141995015,
10.0,7.612593416301465,
10.0,7.15744007110461,
10.0,10.080886358914407,
3.0,8.0647599749117,
0.0,6.269373152964688,
10.0,9.224883425437339,
10.0,8.177901100648784,
0.0,8.625640525120469,
10.0,7.894553948277409,
10.0,6.767520302129849,
0.0,-0.806174468820064,
0.0,9.096774193548386,
0.0,3.7951612903225795,
0.0,6.645329021636533,
0.0,-2.7328556706508182,
10.0,5.895161290322582,
0.0,3.7962264127979095,
0.0,0.0,
0.0,0.0,
0.0,0.0,
0.0,0.22580645162679114,
0.0,0.0,
0.0,0.0,
0.0,0.0,
0.0,0.0,
0.0,0.0,
0.0,10.693548387096774,
0.0,0.0,
0.0,5.693548387096774,
0.0,0.0,
0.0,2.1451612903225805,
0.0,3.3181468784809045,
0.0,4.791844845911057,
0.0,8.693548387096774,
0.0,6.278942664969347,
0.0,1.9812529397738936,
0.0,5.300394647823292,
0.0,3.683429728614417,
0.0,5.701631514448307,
0.0,5.2917883928756675,
0.0,59.68881714043802,
0.0,-2.8110220827278996,
0.0,6.111693265118542,
0.0,6.55923365747458,
0.0,4.813995721368678,
0.0,3.081079010859749,
0.0,2.0976169187210454,
0.0,4.236010006351484,
0.0,3.633401613956375,
0.0,3.6316975039738515,
0.0,3.139715877059133,
0.0,3.055289574769708,
0.0,2.861677536521593,
0.0,8.472784375176095,
0.0,7.092749988641312,
0.0,3.9562516644887573,
0.0,7.0927531567192945,
0.0,7.866612712963368,
0.0,4.786607159257918,
10.0,4.117300267645035,
0.0,4.376880902453597,
0.0,4.6292614387152815,
0.0,4.8813339530444075,
0.0,4.262794869631641,
0.0,7.735691654109365,
0.0,6.940355803412969,
0.0,4.752711791008651,
0.0,7.487156186097704,
0.0,4.531930880711929,
0.0,4.7607575737116035,
0.0,4.458739507973505,
10.0,3.6606696623459376,
0.0,-2.8761209025490246,
0.0,2.2683294307924275,
0.0,9.471577377645021,
0.0,5.525056216196214,
0.0,1.0724856267483287,
0.0,4.285577431280685,
0.0,0.757827288038053,
0.0,1.7640230356455893,
0.0,1.1147799331339074,
0.0,1.11477620625882,
0.0,1.5625178610625934,
0.0,0.32380667043548894,
0.0,9.61249549298052,
0.0,6.75806849784871,
0.0,1.2640236189672887,
0.0,6.758074641302808,
0.0,7.59163143346927,
0.0,2.4132704483540586,
0.0,4.511118194149134,
0.0,1.5625180756545884,
0.0,3.0699355705770692,
0.0,5.027158624454412,
0.0,1.9997590665000107,
0.0,5.385409621884611,
0.0,6.2095163351368265,
0.0,5.975761623020838,
0.0,3.3099636181843275,
0.0,3.835706299424263,
10.0,4.890722316660679,
0.0,7.185138791845984,
0.0,6.864204830594518,
0.0,-3.1452083681500786,
0.0,9.016129032258064,
0.0,3.7145161290322584,
0.0,6.564683860346209,
0.0,-2.073554237801463,
0.0,5.814516129032256,
0.0,5.305294650660197,
0.0,0.0,
0.0,0.0,
0.0,0.0,
0.0,0.14516129033646857,
0.0,0.0,
0.0,0.0,
0.0,0.0,
0.0,0.0,
0.0,0.0,
0.0,10.612903225806452,
0.0,0.0,
0.0,5.612903225806451,
0.0,0.0,
0.0,2.064516129032258,
0.0,3.237501717190582,
10.0,6.161290322580645,
0.0,8.612903225806452,
0.0,7.612903225806451,
0.0,0.7984989566761889,
0.0,5.298615067263333,
0.0,1.161290322580645,
0.0,5.620986353157986,
0.0,9.728339056573615,
0.0,13.964924962887618,
0.0,-2.371295944807566,
0.0,8.85483870967742,
0.0,3.553225806451614,
0.0,6.403393537765565,
0.0,-3.7555254386871466,
0.0,5.653225806451613,
0.0,5.144004328079552,
0.0,0.0,
0.0,0.0,
0.0,0.0,
0.0,-0.01612903224417657,
0.0,0.0,
0.0,0.0,
0.0,0.0,
0.0,0.0,
0.0,0.0,
0.0,10.451612903225808,
0.0,0.0,
0.0,5.451612903225806,
0.0,0.0,
0.0,1.9032258064516132,
0.0,0.7090876797478667,
0.0,4.54990936204009,
0.0,8.451612903225808,
0.0,6.03700718109838,
0.0,0.8988413872410622,
0.0,5.058459163952323,
0.0,3.437901832172558,
0.0,-0.2819858034337155,
0.0,5.049728709194508,
0.0,40.85473371211201,
0.0,-3.0908947681908234,
0.0,7.502942599284511,
0.0,8.325006618389711,
0.0,6.670957145176194,
0.0,3.7013056591652878,
0.0,5.945147456823238,
0.0,5.898586393420644,
0.0,5.453250117871992,
0.0,5.3224274404005065,
0.0,4.88785696598731,
0.0,5.2413634859497815,
0.0,4.270493125060657,
0.0,9.674462553260827,
0.0,8.579144915741685,
0.0,5.680078961290145,
0.0,8.57914795333583,
0.0,9.512524877801111,
0.0,6.601201435505987,
0.0,6.347272518979723,
0.0,6.207260821967312,
0.0,6.754553488844099,
0.0,6.294939048085039,
0.0,5.29311845042077,
10.0,9.223999726700976,
10.0,7.8377147655367185,
9.0,6.318268939366902,
10.0,7.596314631450139,
10.0,6.287660924218323,
10.0,6.318720155658255,
10.0,6.625564107817715,
10.0,5.829293861073466,
0.0,-1.0119093695146029,
0.0,8.822610060708566,
0.0,3.52099715748276,
0.0,6.371164888796713,
0.0,-3.7877540876559976,
0.0,5.620997157482761,
0.0,5.111775679110698,
0.0,0.0,
0.0,0.0,
0.0,0.0,
0.0,-0.04835768121302965,
0.0,0.0,
0.0,0.0,
0.0,0.0,
0.0,0.0,
0.0,0.0,
0.0,10.419384254256954,
0.0,0.0,
0.0,5.419384254256953,
0.0,0.0,
0.0,1.8709971574827602,
0.0,0.6768590307790133,
0.0,4.517680713071237,
0.0,8.419384254256954,
0.0,6.004778532129527,
0.0,0.8666127382722092,
0.0,5.026230514983472,
0.0,3.4056731832037035,
0.0,-0.31421445240257073,
0.0,5.017500060225653,
0.0,40.822505063143105,
0.0,-3.1231234171596762,
0.0,5.977275072642664,
0.0,5.388805190521294,
0.0,5.834088717950516,
0.0,2.8616612483317425,
0.0,4.668452826315512,
0.0,5.832172820616288,
0.0,3.459907606647344,
0.0,3.989410389622968,
0.0,3.2197974818887296,
0.0,3.152775442570759,
0.0,4.981759355717901,
0.0,9.60195382733455,
0.0,7.639381102705356,
0.0,4.247102575144345,
0.0,7.639384079502063,
0.0,8.490333807762063,
0.0,4.731713080663888,
0.0,4.762422208496353,
0.0,4.631224340467069,
0.0,4.308888200473532,
6.0,4.8209377962889794,
0.0,4.461407738460332,
0.0,8.047757747403459,
0.0,7.025251662672906,
0.0,5.994768088330697,
6.0,7.357504193465263,
0.0,5.317229342960629,
6.0,5.556867252977051,
6.0,4.9808324679019265,
10.0,4.118175993871982,
0.0,-1.9944851717221665,
0.0,7.097176622461559,
0.0,3.9578794140408506,
0.0,7.124692913006793,
0.0,4.444339013026769,
0.0,7.567937928821037,
0.0,6.942014205620947,
0.0,5.222125998458625,
0.0,5.755636606505955,
0.0,4.838754237289927,
0.0,6.096748120693216,
0.0,4.5070903152540005,
0.0,7.027610531153658,
0.0,7.148387097532449,
0.0,6.2556371170752385,
0.0,7.1483870967741945,
0.0,9.114261821188549,
0.0,6.834617050156566,
0.0,6.012456120208437,
0.0,5.895479769377129,
0.0,4.841480521858833,
0.0,4.409701124764714,
0.0,4.76392536011877,
0.0,7.507324927078361,
0.0,5.676038473763663,
0.0,5.982223040337504,
0.0,7.376433588251209,
0.0,6.6347233128744,
0.0,6.691272496686519,
10.0,4.622219727479709,
0.0,5.992153268869399,
0.0,-2.6432358139320886,
0.0,4.56021721269049,
0.0,6.426192644581389,
0.0,5.3842555990476395,
0.0,2.5774715108193105,
0.0,2.993851535030954,
0.0,4.0472271635003,
0.0,3.4577484305962995,
0.0,3.4422966309182628,
0.0,2.9565644169358256,
0.0,2.9165497588552673,
0.0,2.6459552924255436,
0.0,8.235403788660767,
0.0,6.88362509469192,
0.0,3.770146218256592,
0.0,6.883628253288813,
0.0,7.674177501894101,
0.0,4.610074693843271,
0.0,3.9298477981812203,
0.0,4.206801514595542,
0.0,5.219843153119127,
0.0,4.575543957158284,
0.0,3.981333662161812,
0.0,7.526075181942411,
0.0,6.627682748848257,
0.0,5.90661972090179,
0.0,7.1965553759678,
0.0,4.382658069456338,
0.0,4.058328858506175,
0.0,3.693776245003314,
5.0,4.22135901859766,
0.0,-2.7238809745899184,
0.0,6.317031992650935,
0.0,6.020074121259255,
0.0,6.590682683750712,
0.0,3.2213375987440296,
0.0,4.66322192185728,
0.0,5.44794408117907,
0.0,3.5615337659234,
0.0,2.772189977467013,
0.0,2.77218773919485,
0.0,2.5725249658323435,
0.0,2.1881009900198527,
0.0,8.874274631540874,
0.0,7.141935484629223,
0.0,3.061534116252475,
0.0,7.141941628083321,
0.0,9.283195350938762,
0.0,4.350880142981026,
0.0,4.099801896097382,
0.0,4.272655004529678,
0.0,4.34961275979656,
0.0,4.416937046449117,
0.0,4.02419631072704,
0.0,8.050293762821779,
0.0,6.088124284901958,
0.0,4.9915341216745714,
0.0,6.62870763174843,
0.0,5.3679274619915125,
0.0,5.7811191576371765,
10.0,4.419911076505361,
9.0,3.8767147631433545,
0.0,-2.29162291039888,
0.0,7.9976677482147265,
0.0,6.809177799484531,
0.0,5.032374033380628,
0.0,5.0225732083284935,
0.0,4.04288110740069,
0.0,3.685212051943963,
0.0,5.46459624202494,
0.0,5.5544839883951305,
0.0,4.90284267999631,
0.0,4.337606892781203,
0.0,3.321251481619876,
0.0,7.181708433582506,
0.0,7.358064516887289,
0.0,6.0544843512639375,
0.0,7.3580645161290334,
0.0,8.308932878815776,
0.0,6.899902322402806,
0.0,6.416759591648118,
0.0,6.38134354257201,
0.0,5.998684814940047,
0.0,6.055595927962897,
0.0,4.546213166593916,
0.0,7.1979954147213645,
0.0,5.91592116337865,
0.0,4.309075812737127,
0.0,5.62812581584529,
0.0,6.0626390387829865,
9.0,5.832533266699372,
0.0,6.127892164754151,
10.0,5.340917203730874,
0.0,-2.9032768652405325,
0.0,5.754798693084992,
0.0,6.24755075480945,
0.0,4.514473144159127,
0.0,2.4484392527547945,
0.0,1.8472960302624126,
0.0,3.918194905435784,
0.0,3.3287161725317835,
0.0,3.3132643728537468,
0.0,2.827532158871309,
0.0,3.971534286267858,
0.0,2.516923034361027,
0.0,8.10637153059625,
0.0,6.754592836627404,
0.0,3.641113960192076,
0.0,6.754595995224297,
0.0,7.545145243829585,
0.0,4.481042435778756,
0.0,3.8008155401167043,
0.0,4.077769256531026,
0.0,4.3597094127329505,
0.0,4.318657815670774,
0.0,3.8523014040972967,
0.0,7.397042923877895,
0.0,6.498650490783742,
0.0,4.443645879533522,
0.0,8.373477694959977,
0.0,4.217764231904053,
0.0,5.166059198422777,
0.0,4.2320502267119045,
3.0,4.071487942125511,
0.0,-2.852913232654435,
0.0,5.932218047923702,
0.0,6.495076499786257,
0.0,4.626117520338342,
0.0,2.586730210952566,
0.0,1.9144761360380715,
0.0,4.014360396187697,
0.0,3.506135527370493,
0.0,3.4906837276924563,
0.0,3.004951513710019,
0.0,2.964936855629461,
0.0,2.694342389199737,
0.0,8.283790885434962,
0.0,6.9320121914661135,
0.0,3.8185333150307854,
0.0,6.932015350063006,
0.0,7.680590554111565,
0.0,4.658461790617464,
0.0,3.9542946629720803,
0.0,4.255188611369735,
0.0,4.563275342812126,
0.0,4.754890334023198,
0.0,4.029720758936006,
0.0,7.55544071261294,
0.0,6.664515705123074,
0.0,4.621065234372231,
0.0,7.239698558950591,
0.0,4.395183586742762,
0.0,4.578051564818179,
0.0,4.392254146946864,
10.0,3.7310158960272326,
0.0,-2.675493877815725,
0.0,6.717618194568777,
0.0,5.795127242744057,
0.0,5.091551385319143,
0.0,3.3597612066068714,
0.0,5.466971068276499,
0.0,5.078276686050414,
0.0,5.039719718372936,
0.0,5.640693684707673,
0.0,4.683475132972121,
0.0,6.499668521165891,
0.0,4.46984689224725,
0.0,6.8586433576332055,
0.0,6.97096774269374,
0.0,6.140694217738311,
0.0,6.970967741935486,
0.0,7.57659303057799,
0.0,6.679155939573908,
0.0,6.176591168353346,
0.0,5.674066007382369,
0.0,6.137668556610684,
0.0,5.368378316756691,
0.0,4.24351833189248,
0.0,6.839417138859162,
0.0,4.709456204710375,
0.0,5.779760986695212,
0.0,6.700597028642723,
0.0,6.374853548480473,
0.0,5.993396641167066,
3.0,3.6742734251076477,
0.0,4.626092452401772,
0.0,-2.8206551688611543,
0.0,6.464711242493896,
0.0,4.823427196603988,
0.0,6.478617441096191,
0.0,3.873003439598193,
0.0,5.928428841609408,
0.0,6.404283024997827,
0.0,4.4516205396037005,
0.0,4.723310204736328,
0.0,4.015894478320044,
0.0,4.509965904762123,
0.0,3.9545358820348118,
0.0,7.78945653215627,
0.0,7.147753565294763,
0.0,5.134791479536229,
0.0,7.147755236005546,
0.0,8.767884554441007,
0.0,5.835665953398053,
0.0,5.402931036088822,
0.0,5.344125416268387,
0.0,4.8037929678602,
0.0,4.562795512181563,
0.0,5.064548813505811,
0.0,7.6237974787784495,
0.0,5.888356769957937,
0.0,5.489937548509392,
0.0,7.117881111452215,
0.0,6.0192562196769455,
0.0,6.148858679300621,
10.0,4.607660438815304,
5.0,4.763746672358619,
0.0,-2.511694074014722,
0.0,8.098004676595883,
0.0,7.826264284069423,
0.0,8.06947512179935,
0.0,5.153837630217081,
0.0,6.53210015315961,
0.0,7.082259991641372,
0.0,6.067696495640144,
0.0,6.039198358082009,
0.0,5.54322291547726,
0.0,5.911696053907585,
0.0,5.180214055417955,
0.0,10.30254531314057,
0.0,9.209419618606308,
0.0,6.397226852566117,
0.0,9.209422449600275,
0.0,10.5559155650718,
0.0,7.257044182855766,
0.0,6.77684810411525,
0.0,6.877793333415565,
0.0,6.935012169739722,
10.0,6.916413462824375,
10.0,6.078835047921368,
10.0,9.633969070919857,
10.0,8.307684504066476,
10.0,7.356278052784928,
10.0,8.61295032285421,
10.0,7.421128450033912,
10.0,7.74810409227762,
10.0,7.461227141539187,
10.0,7.113110974875421,
0.0,-0.08072207575685164,
0.0,2.610447505937226,
0.0,8.817457575115162,
0.0,6.814895048665356,
0.0,1.9772244321606698,
0.0,4.9199734761986615,
0.0,1.006566410556812,
0.0,2.4772244321606696,
0.0,1.744510461539162,
0.0,1.7445076215617903,
0.0,2.4426589423715943,
0.0,0.08274970331684672,
0.0,8.814928288850032,
0.0,6.629032258822772,
0.0,1.9772248766672267,
0.0,6.629038402276869,
0.0,7.8483829732143615,
0.0,3.209941687266107,
0.0,4.563284183362877,
0.0,2.506417362122826,
0.0,4.378541090383048,
0.0,5.558370910787356,
0.0,2.448695858456984,
0.0,5.608319560365042,
0.0,5.842397094629215,
0.0,5.692349823508811,
0.0,2.8369592452467063,
0.0,4.173017359591348,
0.0,5.467132454111661,
0.0,6.9700618379392205,
0.0,8.287615356888168,
0.0,-3.2742446071760174,
0.0,6.458249746242438,
0.0,4.599612416356323,
0.0,6.559276559443072,
0.0,4.002049496206851,
0.0,6.248786693892389,
0.0,7.040588584473163,
0.0,4.487709140928135,
0.0,4.79648527457314,
0.0,4.060534190780945,
0.0,4.653710644729381,
0.0,3.441687059402386,
0.0,7.6424775960374625,
0.0,7.091433166477091,
0.0,5.218606426595299,
0.0,7.091434641199878,
0.0,8.77922969773956,
0.0,5.901456421416243,
0.0,5.444946116055629,
0.0,5.570001717176329,
0.0,4.663717488399828,
0.0,4.346975223151185,
0.0,3.376448933619845,
0.0,7.734195347689191,
0.0,6.543152403130268,
0.0,5.489913441143757,
0.0,6.751665828918669,
0.0,5.784091737942557,
0.0,6.216770752616584,
5.0,4.166234028174124,
2.0,4.5095173008515,
0.0,-2.6077399543336655,
0.0,3.4812449969931922,
0.0,10.22976060677627,
0.0,6.144749164523215,
0.0,1.579200513110255,
0.0,-2.1652269309990047,
0.0,1.1791140196432874,
0.0,2.954729478180098,
0.0,2.209858528161983,
0.0,2.209855817355393,
0.0,2.944477648407659,
0.0,0.27136637170126315,
0.0,9.07239988886619,
0.0,6.98387096850019,
0.0,2.4547299024691487,
0.0,6.983877111954288,
0.0,8.053240234200604,
0.0,3.6996035632938544,
0.0,5.090964707714882,
0.0,2.94447780449483,
0.0,5.040958562971023,
0.0,5.6402997530983345,
0.0,2.5543707575565113,
0.0,6.061484360530432,
0.0,6.356485017360412,
0.0,6.040745569190755,
10.0,3.246437686642657,
0.0,4.2475851502976445,
10.0,5.3256244673823625,
0.0,7.578771712696684,
0.0,6.243680002437382,
0.0,-2.6541678508640723,
0.0,2.3493599533941563,
0.0,10.083427747378165,
0.0,5.946084720230072,
0.0,1.3502231353661598,
0.0,4.928319541643665,
0.0,0.836451949476735,
0.0,2.060744412679088,
0.0,1.38529099416894,
0.0,1.385287545784659,
0.0,1.9116592259339549,
0.0,0.2797981265228462,
0.0,9.43482714195488,
0.0,6.790322581403417,
0.0,1.5607449524120616,
0.0,6.790328724857514,
0.0,7.687300086165717,
0.0,2.7362018193064905,
0.0,1.638121408593568,
0.0,1.911659424490559,
0.0,3.5791157717050543,
0.0,5.149829508254724,
0.0,2.1111914663289277,
0.0,5.536137080543994,
0.0,6.2221850265248335,
0.0,6.026164576727669,
1.0,4.704872837145024,
0.0,3.937409705876016,
10.0,4.8996684345109935,
0.0,7.351625234696241,
0.0,7.262090282055584,
0.0,-3.1129542845953724,
0.0,5.738669660826927,
0.0,6.231421722551385,
0.0,4.498344111901061,
0.0,2.432310220496729,
0.0,1.831166998004348,
0.0,3.902065873177719,
0.0,3.312587140273719,
0.0,3.2971353405956823,
0.0,2.8114031266132447,
0.0,2.7713884685326864,
0.0,2.500794002102963,
0.0,8.090242498338187,
0.0,6.7384638043693394,
0.0,3.6249849279340114,
0.0,6.738466962966233,
0.0,7.52901621157152,
0.0,4.46491340352069,
0.0,3.7846865078586394,
0.0,4.061640224272961,
0.0,4.343580380474886,
0.0,4.5142225115507495,
0.0,3.8361723718392313,
0.0,7.38091389161983,
0.0,6.482521458525676,
0.0,4.401319426559331,
0.0,7.05139408564522,
0.0,4.201635199645987,
0.0,3.839652534793424,
0.0,5.011613477085871,
0.0,3.5535481197605927,
0.0,-2.869042264912499,
0.0,5.738669660826927,
0.0,6.231421722551385,
0.0,4.498344111901061,
0.0,2.432310220496729,
0.0,1.831166998004348,
0.0,3.902065873177719,
0.0,3.312587140273719,
0.0,3.2971353405956823,
0.0,2.8114031266132447,
0.0,2.7713884685326864,
0.0,2.500794002102963,
0.0,8.090242498338187,
0.0,6.7384638043693394,
0.0,3.6249849279340114,
0.0,6.738466962966233,
0.0,7.52901621157152,
0.0,4.46491340352069,
0.0,3.7846865078586394,
0.0,4.061640224272961,
0.0,4.343580380474886,
0.0,4.5142225115507495,
0.0,3.23788907188477,
0.0,7.38091389161983,
0.0,6.482521458525676,
0.0,4.401319426559331,
0.0,7.05139408564522,
0.0,4.201635199645987,
0.0,4.394433503620683,
0.0,4.215921194453839,
0.0,3.5535481197605927,
0.0,-2.869042264912499,
0.0,2.8753446373078253,
0.0,5.909446514484796,
0.0,6.925524113328207,
0.0,2.2236438921148833,
0.0,5.231095062942521,
0.0,1.877247249573386,
0.0,2.2089901535589296,
0.0,1.6675105757261992,
0.0,1.5760387854218008,
0.0,2.1896534922153474,
0.0,1.1001150407163522,
0.0,9.269483488338155,
0.0,6.790687285089149,
0.0,1.8619743308912975,
0.0,6.790692868752465,
0.0,8.128429612286824,
0.0,2.964559451158392,
0.0,4.697650967148422,
0.0,2.466184225353834,
0.0,3.5050543253130755,
0.0,4.795107023085817,
0.0,2.3466198985164244,
0.0,6.01332474206787,
0.0,6.0757081539383915,
0.0,5.863663462805109,
0.0,3.956638594316334,
0.0,4.226781461331058,
10.0,5.326657562324241,
0.0,6.708644119845621,
0.0,6.528891717959494,
0.0,-3.145212349111501,
0.0,6.717375524806202,
0.0,3.1440268488392626,
0.0,7.4884818114963,
0.0,4.922841858252824,
0.0,7.960665946760346,
0.0,7.340833835891483,
0.0,5.063245066467431,
0.0,5.782355629522158,
0.0,4.7545034857375335,
0.0,6.59402892777606,
0.0,4.699508664743703,
0.0,6.905702226039726,
0.0,7.003225807209869,
0.0,6.282356201885375,
0.0,7.003225806451614,
2.0,9.159739987412104,
0.0,6.749865577095121,
0.0,5.889309506748625,
0.0,5.69256577485303,
0.0,4.403050234613794,
0.0,4.035052868626008,
0.0,4.325936056905808,
0.0,7.627370058271181,
0.0,5.416058808161935,
0.0,5.454168051840961,
0.0,6.24086569343347,
0.0,5.825127509474431,
0.0,7.074104523243783,
1.0,4.409296460302596,
0.0,4.179310638473003,
0.0,-3.1869716668469286,
0.0,1.942901077176234,
0.0,8.593264589252614,
0.0,6.491197284963811,
0.0,1.2349867966196504,
0.0,4.573347005304352,
0.0,1.3221669343716973,
0.0,1.7349867966196504,
0.0,1.0857436941079686,
0.0,1.085739967232881,
0.0,1.5334816220366545,
0.0,0.2947704314095509,
0.0,9.583459253954583,
0.0,6.729032258822771,
0.0,1.2349873799413496,
0.0,6.729038402276869,
0.0,7.690490236460349,
0.0,2.3842342093281195,
0.0,4.503440228256951,
0.0,1.5334818366286496,
0.0,3.0014145863279973,
0.0,4.894637363573086,
0.0,1.9145226951285872,
0.0,5.446053782714332,
0.0,6.207518205125104,
0.0,5.961993006729512,
0.0,3.3061228895902763,
0.0,3.806670060398325,
8.0,4.839355117532876,
0.0,7.230334513998625,
0.0,6.907448604419296,
0.0,-3.174244607176017,
0.0,4.920324874657496,
0.0,5.999563784935635,
0.0,7.14860516509334,
0.0,3.895513892719387,
0.0,5.892188618630097,
0.0,3.8456974126929455,
0.0,3.905173325209187,
0.0,3.777647508407075,
0.0,3.3750912517204235,
0.0,3.84433136579793,
0.0,3.2280773666945413,
0.0,9.144531860626492,
0.0,7.5641737121108665,
0.0,4.078456588518965,
0.0,7.564177375831217,
0.0,8.856421231711733,
0.0,4.974896447081576,
0.0,5.34611627416874,
0.0,4.6434302542671775,
0.0,5.193953702221363,
0.0,5.561038821585554,
0.0,4.734989842001891,
0.0,7.582961930646528,
0.0,6.779536622268547,
0.0,6.500023226422563,
0.0,6.087012590228372,
10.0,5.429063420517331,
10.0,6.304742330553819,
10.0,5.959665480056428,
10.0,5.933383488275244,
0.0,0.0,
0.0,5.738670398474832,
0.0,6.231421965907551,
0.0,4.498344222342302,
0.0,2.432306474530902,
0.0,1.831166571588832,
0.0,3.902066190362686,
0.0,3.312587313230102,
0.0,3.297135661358965,
0.0,2.8114033801865945,
0.0,2.771388231471433,
0.0,2.50079460497071,
0.0,8.090243334950523,
0.0,6.738464337097843,
0.0,3.6249852132668448,
0.0,6.73846749569484,
0.0,7.529016564958182,
0.0,4.464913585930584,
0.0,3.7846868076738582,
0.0,4.061640343114432,
0.0,4.343580171562247,
0.0,4.5374066056016025,
0.0,3.836173662275516,
0.0,7.380914429747154,
0.0,6.48252307173962,
0.0,4.427504156640434,
0.0,7.051395467104226,
0.0,4.201633563605965,
0.0,4.414317256434785,
0.0,3.6904675031707264,
0.0,3.912510227515364,
0.0,-2.8690455814293587,
0.0,2.219938353056812,
0.0,8.25483870967742,
0.0,6.054838709677419,
0.0,1.215631957909974,
0.0,4.43289244760504,
0.0,0.8278997977221081,
0.0,1.715631957909974,
0.0,1.0663888553982919,
0.0,1.0663851285232042,
0.0,1.5141267833269783,
0.0,0.27541559269987326,
0.0,9.564104415244904,
0.0,6.709677420113095,
0.0,1.2156325412316733,
0.0,6.709683563567192,
0.0,7.671135397750674,
0.0,2.3648793706184428,
0.0,4.484085389547273,
0.0,1.5141269979189733,
0.0,2.96186902599839,
0.0,4.876931736495727,
0.0,1.8951678564189105,
0.0,5.426698944004656,
0.0,6.188163366415428,
0.0,5.8654180224465,
0.0,3.2867680508805983,
0.0,3.787315221688647,
9.0,4.84653383409709,
0.0,7.216193385163646,
0.0,6.831771590715762,
0.0,-3.1935994458856944,
0.0,5.738669660826927,
0.0,6.231421722551385,
0.0,4.498344111901061,
0.0,2.432310220496729,
0.0,1.831166998004348,
0.0,3.902065873177719,
0.0,3.312587140273719,
0.0,3.2971353405956823,
0.0,2.8114031266132447,
0.0,2.7713884685326864,
0.0,2.500794002102963,
0.0,8.090242498338187,
0.0,6.7384638043693394,
0.0,3.6249849279340114,
0.0,6.738466962966233,
0.0,7.52901621157152,
0.0,4.46491340352069,
0.0,3.7846865078586394,
0.0,4.061640224272961,
0.0,4.343580380474886,
0.0,4.5142225115507495,
0.0,3.8361723718392313,
0.0,7.38091389161983,
0.0,6.482521458525676,
0.0,4.401319426559331,
0.0,7.05139408564522,
0.0,4.201635199645987,
0.0,4.394433503620683,
0.0,4.215921194453839,
0.0,3.279923779426178,
0.0,-2.869042264912499,
0.0,6.013408500025035,
0.0,6.263826127770821,
0.0,4.465501039012881,
0.0,0.27866110700082464,
0.0,1.5323278983708724,
0.0,3.9500215787959445,
0.0,3.293152918732374,
0.0,3.357240944061335,
0.0,2.835351584982857,
0.0,2.5691734190534974,
0.0,2.7156673272864653,
0.0,8.427943690315283,
0.0,6.912911648265024,
0.0,3.6660242243604015,
0.0,6.912914857851594,
0.0,7.606677544009566,
0.0,4.450566432445572,
0.0,3.8335192586380025,
0.0,3.9937085664160965,
0.0,4.131193962831085,
0.0,5.025727197980967,
9.0,4.489874729043716,
0.0,7.5579252623350515,
0.0,7.3581506667583065,
0.0,4.88550549293313,
0.0,7.783087258605334,
0.0,3.852166634879349,
0.0,4.8368636192073255,
0.0,4.211067297666071,
0.0,3.15461736648955,
0.0,-2.355166912549501,
0.0,7.327724405787919,
0.0,8.1082812538892,
0.0,6.488560298797138,
0.0,3.8276090651365817,
0.0,5.159601343402625,
0.0,5.808409921768183,
0.0,5.218486609675169,
0.0,5.162841367430415,
0.0,4.693470900643192,
0.0,4.954265323253542,
0.0,4.414592848775212,
0.0,9.758508453883847,
0.0,8.51676477476017,
0.0,5.503519129308601,
0.0,8.516767867061477,
0.0,9.361573340764856,
0.0,6.372711120985816,
0.0,6.087455670664245,
0.0,6.016585830474266,
0.0,6.457541620512406,
0.0,6.1772643580314694,
0.0,5.281220803023608,
10.0,9.101346230632416,
10.0,7.667304353962684,
10.0,6.266398559484562,
10.0,7.729583257222021,
10.0,6.313970420521607,
10.0,6.046413777900193,
10.0,6.583856612876308,
10.0,5.52304716341656,
0.0,-1.1238253554178743,
0.0,5.706411596310799,
0.0,6.199163658035256,
0.0,4.466086047384933,
0.0,2.400052155980601,
0.0,1.7989089334882191,
0.0,3.8698078086615912,
0.0,3.2803290757575905,
0.0,3.2648772760795537,
0.0,2.779145062097116,
0.0,2.7391304040165574,
0.0,2.4685359375868345,
0.0,8.057984433822059,
0.0,6.7062057398532104,
0.0,3.592726863417883,
0.0,6.706208898450104,
0.0,7.496758147055393,
0.0,4.432655339004562,
0.0,3.752428443342511,
0.0,4.029382159756833,
0.0,4.311322315958758,
0.0,4.4819644470346205,
0.0,3.803914307323103,
0.0,7.348655827103701,
0.0,6.450263394009549,
0.0,4.369061362043201,
0.0,7.01913602112909,
0.0,4.2052387146176295,
0.0,4.362175439104554,
0.0,4.159228331746893,
0.0,3.521510956261349,
0.0,-2.9013003294286284,
0.0,8.26570466049872,
0.0,5.063882250383098,
0.0,6.454226159922262,
0.0,-3.6221525501803886,
0.0,5.846774193548389,
0.0,5.009659161707033,
0.0,5.3032258064516125,
0.0,4.303225806451706,
0.0,4.303225806451614,
0.0,2.700521330566199,
0.0,-0.696774193548387,
0.0,6.8032258064516125,
0.0,0.0,
0.0,4.8032258064516125,
0.0,0.0,
0.0,9.819076870565839,
0.0,6.3032258064516125,
0.0,5.31241274994669,
0.0,5.8032258064516125,
0.0,3.8908385528888743,
2.0,1.2609421326303152,
0.0,-1.0922127443417304,
0.0,8.03235653592671,
0.0,6.758096669672623,
0.0,-0.46355108960718516,
0.0,2.0508936826732054,
10.0,5.417580568010777,
0.0,59.26833868928924,
0.0,5.504354104653419,
0.0,4.287093871570288,
0.0,-2.339037880291437,
0.0,6.830521420375229,
0.0,3.4650423892606095,
0.0,7.450611261363897,
0.0,4.4393799737630495,
0.0,7.973978916490091,
0.0,7.078471986733681,
0.0,5.152622944179388,
0.0,5.753596910514124,
0.0,4.796378358778572,
0.0,6.844508496550405,
0.0,4.582750118053701,
0.0,6.971546583439656,
0.0,7.083870968500191,
0.0,6.253597443544761,
0.0,7.083870967741937,
0.0,9.178893307947144,
0.0,6.792059165380359,
0.0,5.94478943114944,
0.0,5.78696923318882,
0.0,4.63216552505962,
0.0,4.134718085588616,
0.0,4.371211626677598,
0.0,7.433884575705608,
0.0,5.45111858392233,
0.0,5.947876558816448,
0.0,6.947199484898175,
0.0,6.4877567742869235,
0.0,6.831637627873463,
10.0,5.50957302450214,
0.0,5.932604869433932,
0.0,-2.707751943054703,
0.0,6.0432915293400224,
0.0,6.259385498631846,
0.0,4.451805374202008,
0.0,2.2232580727433637,
0.0,1.4805020346707698,
0.0,3.94368751024947,
0.0,3.278248770706579,
0.0,3.3548759318469377,
0.0,2.827286543218837,
0.0,2.5316493672034195,
0.0,2.7382949583129945,
0.0,8.469340514195995,
0.0,6.928617814568443,
0.0,3.660653484972653,
0.0,6.928621031411186,
0.0,7.607080122367986,
0.0,4.436464269142486,
0.0,3.82937712620989,
0.0,3.9672670040411444,
0.0,4.088078759945747,
0.0,4.788725962866102,
0.0,4.5969570143785905,
0.0,7.573975411449189,
10.0,7.511692663884817,
0.0,4.569714009227693,
0.0,7.909894450351326,
0.0,3.7059554888399404,
0.0,4.657495378980411,
0.0,4.111513045986296,
0.0,1.8077696171519753,
0.0,-3.02111283915277,
0.0,6.38453282575504,
0.0,6.306425165121996,
0.0,6.2676481194151865,
0.0,4.1928170979511785,
0.0,4.466881924863686,
0.0,4.889487784733528,
0.0,4.281340208407058,
0.0,4.288005432385887,
0.0,3.7833075101639144,
0.0,4.042477720955903,
0.0,3.6350900251155336,
0.0,8.891491848449217,
0.0,7.621222839232325,
0.0,4.6254588222866655,
0.0,7.621225850849819,
0.0,8.838801476469078,
0.0,5.455939604799726,
0.0,5.283983979522333,
0.0,5.102443958546475,
0.0,5.188691741423131,
0.0,5.2801141438207715,
0.0,4.477024115246217,
0.0,8.03746219375769,
0.0,6.854034741393406,
0.0,5.680212912015141,
0.0,6.699340876251779,
0.0,5.649760726656643,
10.0,5.959421826329344,
9.0,5.746187686198318,
10.0,5.358644852536612,
0.0,0.0,
0.0,8.85483870967742,
0.0,3.5532258064516142,
0.0,6.403393537765565,
0.0,5.451948365853709,
0.0,5.653225806451611,
0.0,3.5542909289269398,
0.0,0.0,
0.0,0.0,
0.0,0.0,
0.0,-0.01612903224417657,
0.0,0.0,
0.0,0.0,
0.0,0.0,
0.0,0.0,
0.0,0.0,
0.0,10.451612903225808,
0.0,0.0,
0.0,5.451612903225806,
0.0,0.0,
0.0,1.9032258064516132,
0.0,3.0762113946099374,
0.0,4.54990936204009,
0.0,8.451612903225808,
0.0,6.037007181098379,
0.0,1.7393174559029263,
0.0,5.058459163952323,
0.0,5.774193548387097,
0.0,5.459696030577341,
0.0,4.576730483565751,
0.0,2.4936715684239745,
0.0,0.0,
0.0,2.5807033820462744,
0.0,10.300985439266906,
0.0,6.13707616642085,
0.0,1.5709287165506451,
0.0,4.727072763296199,
0.0,1.034106365175286,
0.0,2.2859718520417784,
0.0,1.6073828346572763,
0.0,1.6073794195894748,
0.0,2.234741077135137,
0.0,0.46426328142318685,
0.0,9.60330227442457,
0.0,6.983911205431559,
0.0,1.7859723865601353,
0.0,6.983917348885656,
0.0,7.886811348292337,
0.0,2.9645648190124385,
0.0,4.776850699946546,
0.0,2.143157982621414,
0.0,3.8296558925373407,
5.0,2.825691008136045,
0.0,0.6604893370723515,
0.0,8.494706840660452,
0.0,8.119514714742,
0.0,6.925965068045153,
0.0,3.0299852577464184,
0.0,2.403383278431782,
10.0,2.4941893036633576,
0.0,5.4127608014109185,
0.0,4.831813065023714,
0.0,-2.91936566056723,
0.0,8.840315711882834,
0.0,3.5387028086570274,
0.0,6.388870539970979,
0.0,-3.770048436481731,
0.0,5.638702808657028,
0.0,5.129481330284967,
0.0,0.0,
0.0,0.0,
0.0,0.0,
0.0,-0.030652030038761602,
0.0,0.0,
0.0,0.0,
0.0,0.0,
0.0,0.0,
0.0,0.0,
0.0,10.437089905431222,
0.0,0.0,
0.0,5.437089905431221,
0.0,0.0,
0.0,1.8887028086570277,
0.0,3.7489178624204675,
0.0,4.535386364245504,
0.0,8.437089905431222,
0.0,6.022484183303795,
0.0,1.9466623366297047,
0.0,5.043936166157739,
0.0,3.423378834377971,
0.0,6.186035204913215,
0.0,5.035205711399922,
0.0,40.84021071431782,
0.0,-3.1054177659854085,
0.0,5.899973898455656,
0.0,6.001474803635639,
0.0,4.1629714797658215,
0.0,-0.11724920459417175,
0.0,1.0635396503943182,
0.0,3.6694924025366458,
0.0,2.97884606610268,
0.0,3.1000082437302496,
0.0,2.5521741656922727,
0.0,2.163551068227006,
0.0,2.5737063952918784,
0.0,8.369900929045922,
0.0,6.738019706545726,
0.0,3.395110411308297,
0.0,6.738022947675618,
0.0,7.362042034444179,
0.0,4.139909958828719,
0.0,3.5681976731352374,
0.0,3.6169743967532724,
0.0,3.6930837229821143,
0.0,4.637672631648026,
0.0,4.777948915258448,
0.0,7.3844683439068275,
0.0,7.895966886742026,
0.0,4.062870036054002,
0.0,8.188393720203589,
0.0,3.338617673364076,
0.0,4.8311727273635245,
0.0,3.87359235944202,
0.0,1.9380407508460873,
0.0,-2.902808357248345,
0.0,6.798263355868098,
0.0,3.432784324753478,
0.0,7.418353196856766,
0.0,4.407121909255918,
0.0,7.941720851982963,
0.0,6.967481138056297,
0.0,5.120364879672257,
0.0,5.721338846006993,
0.0,4.764120294271441,
0.0,6.58031368246521,
0.0,4.55049205354657,
0.0,6.939288518932525,
0.0,7.05161290399306,
0.0,6.22133937903763,
0.0,7.0516129032348065,
0.0,9.14663524344001,
0.0,6.759801100873228,
0.0,5.912531366642307,
0.0,5.754711168681689,
0.0,4.5999074605524894,
0.0,4.118318167894075,
0.0,4.3241634931918,
0.0,7.401626511198477,
0.0,5.4188605194152,
0.0,5.915618494309317,
0.0,6.888240246783404,
0.0,6.455498709779793,
0.0,6.706892732516956,
10.0,4.474521150219576,
0.0,5.164701150056635,
0.0,-2.740010007561833,
0.0,6.927295613923616,
0.0,3.5618165828089965,
0.0,7.547385454912283,
0.0,4.5361541673114365,
0.0,8.070753110038478,
0.0,7.096513396111814,
0.0,5.249397137727775,
0.0,5.8503711040625115,
0.0,4.893152552326959,
0.0,6.9412826900987925,
0.0,4.679524311602089,
0.0,7.068320776988043,
0.0,7.180645162048579,
0.0,6.350371637093148,
0.0,7.180645161290323,
0.0,9.275667501495532,
0.0,6.888833358928746,
0.0,6.041563624697827,
0.0,5.883743426737207,
0.0,4.728939718608007,
0.0,4.231492279137003,
0.0,4.4679858202259854,
0.0,7.530658769253995,
0.0,5.547892777470716,
0.0,6.044650752364833,
0.0,8.070278558795847,
0.0,6.58453096783531,
0.0,7.0271809805615835,
10.0,4.576477583230414,
0.0,5.323033654284105,
0.0,-2.610977749506316,
0.0,6.377033449493325,
0.0,7.338067513321837,
0.0,5.778985252805722,
0.0,3.00901080700298,
0.0,4.872443328311963,
0.0,3.9897564459858716,
0.0,4.449717305110607,
0.0,4.3623776712774225,
0.0,3.9069448799275883,
0.0,4.366316114870161,
0.0,3.4574973594750977,
0.0,8.833361341517296,
0.0,7.663822417300894,
0.0,4.711438812172359,
0.0,7.663825472875951,
0.0,8.548138939532706,
0.0,5.603014599257701,
0.0,5.460592685005437,
0.0,5.225265361265883,
0.0,5.809314225896815,
0.0,5.250770499031729,
0.0,4.0888405528847525,
0.0,8.280822549946857,
0.0,6.770618410628831,
0.0,5.8170199967871135,
10.0,6.455118854712692,
10.0,5.69245286757422,
10.0,5.494505442599705,
10.0,4.7211954136233025,
10.0,6.411369014727448,
0.0,-1.6132314286785334,
8.0,9.083870967741936,
0.0,3.7822580645161294,
0.0,6.6324257958300805,
0.0,5.6809806239182254,
0.0,5.88225806451613,
0.0,5.3730365861440665,
0.0,0.0,
0.0,0.0,
0.0,0.0,
0.0,0.21290322582033955,
0.0,0.0,
0.0,0.0,
0.0,0.0,
0.0,0.0,
0.0,0.0,
0.0,10.680645161290323,
0.0,0.0,
0.0,5.680645161290323,
0.0,0.0,
0.0,2.132258064516129,
0.0,3.305243652674452,
0.0,4.778941620104605,
0.0,8.680645161290323,
0.0,6.266039439162897,
0.0,1.968349713967441,
0.0,5.287491422016841,
0.0,3.7688359789883856,
0.0,5.498057828017758,
0.0,6.50202105008302,
0.0,2.5037842635993246,
0.0,0.0,
0.0,6.649944037988352,
0.0,3.0344620349870226,
0.0,7.45269530197359,
0.0,4.991823360465032,
0.0,7.913748126548713,
0.0,7.107565052785904,
0.0,5.001138235509207,
0.0,5.746714477180643,
0.0,4.703038566683446,
0.0,7.3616100351880345,
0.0,4.680894737864843,
0.0,6.848867517375445,
0.0,6.943075332475566,
0.0,6.246715058355385,
0.0,6.943075331717312,
0.0,9.112230748603178,
0.0,6.698329257514376,
0.0,5.834332396362028,
0.0,5.629520358734466,
0.0,4.312760696907177,
0.0,3.917078839468133,
0.0,4.318335397065553,
0.0,7.29646148049353,
0.0,5.30209473689869,
0.0,5.991154711416892,
0.0,6.789281119258592,
0.0,6.310560120517973,
0.0,7.023566739993582,
0.0,4.654556730048626,
0.0,4.746749235433197,
0.0,-3.2661041445947947,
